{
  "Users": [
    {
      "id": 1,
      "Title": "Sound Reproduction: The Acoustics and Psychoacoustics of Loudspeakers and Rooms",
      "Author": "Floyd E. Toole",
      "Subject": "AE",
      "Rack_No": 1
    },
    {
      "id": 2,
      "Title": "Water and Wastewater Engineering ",
      "Author": "Davis",
      "Subject": "W&WE",
      "Rack_No": 2
    },
    {
      "id": 3,
      "Title": "Design Patterns: Elements of Reusable Object-Oriented Software",
      "Author": "Erich Gamma",
      "Subject": "DP",
      "Rack_No": 3,
      "YearofPublication": 2002,
      "Edition": "2nd"
    },
    {
      "id": 4,
      "Title": "Mastering Regular Expressions",
      "Author": "Jeffrey E. F. Friedl ",
      "Subject": "CP",
      "Rack_No": 3
    },
    {
      "id": 5,
      "Title": "Mathematics for Engineers and Scientists",
      "Author": "Alan Jeffrey",
      "Subject": "ME",
      "Rack_No": 4
    },
    {
      "id": 6,
      "Title": "Power System Analysis and Design",
      "Author": "J. Duncan Glover",
      "Subject": "PS",
      "Rack_No": 1
    },
    {
      "id": 7,
      "Title": "Small and Short-Range Radar Systems",
      "Author": "Gregory L. Charvat",
      "Subject": "RS",
      "Rack_No": 1
    },
    {
      "id": 8,
      "Title": "Antenna Theory: Analysis and Design",
      "Author": "Constantine A. Balanis ",
      "Subject": "AT",
      "Rack_No": 1
    },
    {
      "id": 9,
      "Title": "Data Engineering with Python",
      "Author": "Paul Crickard",
      "Subject": "DE",
      "Rack_No": 3
    },
    {
      "id": 10,
      "Title": "Machine Learning Engineering",
      "Author": "Andriy Burkov",
      "Subject": "MLE",
      "Rack_No": 3
    },
    {
      "Title": "Machine Design",
      "Author": "J.B.Gupta",
      "Subject": "EE",
      "id": "12",
      "Rack_No": "1"
    },
    {
      "Title": "Software Engineering Design",
      "Author": "Carlos E. Otero",
      "Subject": "IT",
      "id": "11",
      "Rack_No": "3"
    },
    {
      "Title": "Mechanical Design",
      "Author": "Peter Childs",
      "Subject": "ME",
      "id": "13",
      "Rack_No": "5"
    },
    {
      "Title": "Basics of Electrical Engineering",
      "Author": "Sanjeev Kumar",
      "Subject": "EE",
      "id": "14",
      "Rack_No": "1"
    }
  ]
}